{"cameraMode":{"drawMode":0,"name":"Shaded","section":"Shading Mode"},"sceneLighting":false,"audioPlay":false,"sceneViewState":{"showFog":true,"showMaterialUpdate":false,"showSkybox":true,"showFlares":true,"showImageEffects":true,"showParticleSystems":true},"in2DMode":false,"pivot":{"x":0.0,"y":0.6177042722702026,"z":2.184481620788574},"rotation":{"x":0.26300105452537539,"y":0.4969348907470703,"z":-0.16108129918575288,"w":0.811212420463562},"size":1.4422237873077393,"orthographic":false}