{"cameraMode":{"drawMode":0,"name":"Shaded","section":"Shading Mode"},"sceneLighting":false,"audioPlay":false,"sceneViewState":{"showFog":true,"showMaterialUpdate":false,"showSkybox":true,"showFlares":true,"showImageEffects":true,"showParticleSystems":true},"in2DMode":false,"pivot":{"x":0.3054018020629883,"y":3.9598491191864015,"z":1.0934391021728516},"rotation":{"x":-0.018194248899817468,"y":0.9807543158531189,"z":-0.1126006618142128,"w":-0.15847405791282655},"size":5.105576515197754,"orthographic":false}