{"cameraMode":{"drawMode":0,"name":"Shaded","section":"Shading Mode"},"sceneLighting":false,"audioPlay":false,"sceneViewState":{"showFog":true,"showMaterialUpdate":false,"showSkybox":true,"showFlares":true,"showImageEffects":true,"showParticleSystems":true},"in2DMode":false,"pivot":{"x":-1.7470030784606934,"y":2.7109475135803224,"z":0.315279483795166},"rotation":{"x":0.3422635495662689,"y":0.3398750424385071,"z":-0.13435718417167664,"w":0.8656835556030273},"size":2.3795218467712404,"orthographic":false}