{"cameraMode":{"drawMode":0,"name":"Shaded","section":"Shading Mode"},"sceneLighting":false,"audioPlay":false,"sceneViewState":{"showFog":true,"showMaterialUpdate":false,"showSkybox":true,"showFlares":true,"showImageEffects":true,"showParticleSystems":true},"in2DMode":false,"pivot":{"x":-0.04268801212310791,"y":0.31693291664123537,"z":2.572251319885254},"rotation":{"x":0.24110519886016847,"y":0.13690267503261567,"z":-0.03434037044644356,"w":0.9602304697036743},"size":2.1434197425842287,"orthographic":false}