{"cameraMode":{"drawMode":0,"name":"Shaded","section":"Shading Mode"},"sceneLighting":false,"audioPlay":false,"sceneViewState":{"showFog":true,"showMaterialUpdate":false,"showSkybox":true,"showFlares":true,"showImageEffects":true,"showParticleSystems":true},"in2DMode":false,"pivot":{"x":3.163677930831909,"y":-0.1047821044921875,"z":4.894144058227539},"rotation":{"x":0.23447978496551515,"y":0.05013969913125038,"z":-0.012098210863769055,"w":0.9707691073417664},"size":7.35493278503418,"orthographic":false}